Shubham,Shubh@123
Abhi8084*,Sbhm#456
jan,Jan@123
r,John678*
Albert,Albert@12
Asmit,As7890#
Aman,Aman123*
Himanshu,Him@456
clear,Sbjdmd45@
Prince,Prince476*
Abhiraj,Abhi435@
Rachel,Rachel@123
Shb@1234,Shb@1234
Suvendu,Suvendu123@
21bcsg21,Ankit@123
